mean_fit_time,std_fit_time,mean_score_time,std_score_time,param_C,param_gamma,param_kernel,params,split0_test_score,split1_test_score,split2_test_score,split3_test_score,split4_test_score,mean_test_score,std_test_score,rank_test_score
0.012758684158325196,0.0003321227595548243,0.002543735504150391,5.909461197077942e-05,100.0,0.001,rbf,"{'C': 100, 'gamma': 0.001, 'kernel': 'rbf'}",0.8571428571428571,0.8125,0.8333333333333334,0.8125,0.8541666666666666,0.8339285714285716,0.019324622715176085,1
0.012599420547485352,0.00014913293858343098,0.002572441101074219,0.00010970183686253845,10.0,0.01,rbf,"{'C': 10, 'gamma': 0.01, 'kernel': 'rbf'}",0.8571428571428571,0.8333333333333334,0.8333333333333334,0.8125,0.8125,0.8297619047619047,0.016560033027670885,2
0.013082504272460938,0.002518019931351719,0.0034890174865722656,0.0006572080851712514,0.1,scale,linear,"{'C': 0.1, 'gamma': 'scale', 'kernel': 'linear'}",0.8367346938775511,0.8125,0.8333333333333334,0.7916666666666666,0.8541666666666666,0.8256802721088435,0.021554067781694865,3
0.011143827438354492,0.001522797741503293,0.002593660354614258,0.0010489925091198423,0.1,auto,linear,"{'C': 0.1, 'gamma': 'auto', 'kernel': 'linear'}",0.8367346938775511,0.8125,0.8333333333333334,0.7916666666666666,0.8541666666666666,0.8256802721088435,0.021554067781694865,3
0.013385915756225586,0.001937093077161767,0.002328157424926758,0.00030642251073011384,0.1,0.001,linear,"{'C': 0.1, 'gamma': 0.001, 'kernel': 'linear'}",0.8367346938775511,0.8125,0.8333333333333334,0.7916666666666666,0.8541666666666666,0.8256802721088435,0.021554067781694865,3
0.009633302688598633,0.0006351088785868812,0.002295398712158203,0.0003794585078653735,0.1,0.01,linear,"{'C': 0.1, 'gamma': 0.01, 'kernel': 'linear'}",0.8367346938775511,0.8125,0.8333333333333334,0.7916666666666666,0.8541666666666666,0.8256802721088435,0.021554067781694865,3
0.00876913070678711,0.0004966519985767597,0.002097415924072266,0.00011771741032789064,0.1,0.1,linear,"{'C': 0.1, 'gamma': 0.1, 'kernel': 'linear'}",0.8367346938775511,0.8125,0.8333333333333334,0.7916666666666666,0.8541666666666666,0.8256802721088435,0.021554067781694865,3
0.009300947189331055,0.0006998297104382889,0.002018260955810547,9.965022746929344e-05,0.1,1,linear,"{'C': 0.1, 'gamma': 1, 'kernel': 'linear'}",0.8367346938775511,0.8125,0.8333333333333334,0.7916666666666666,0.8541666666666666,0.8256802721088435,0.021554067781694865,3
0.014959383010864257,0.0015475065728662698,0.0028619289398193358,0.00018669446875050672,10.0,0.001,rbf,"{'C': 10, 'gamma': 0.001, 'kernel': 'rbf'}",0.8163265306122449,0.8333333333333334,0.8125,0.8125,0.8333333333333334,0.8215986394557824,0.00968268240055834,9
0.014036226272583007,0.0013378996120967006,0.0018074989318847656,0.00025982578032467617,1.0,0.1,linear,"{'C': 1, 'gamma': 0.1, 'kernel': 'linear'}",0.8367346938775511,0.7916666666666666,0.8333333333333334,0.7916666666666666,0.8541666666666666,0.821513605442177,0.025374354834938582,10
0.01425628662109375,0.0012593335375744536,0.0019676685333251953,4.671544216749041e-05,1.0,0.01,linear,"{'C': 1, 'gamma': 0.01, 'kernel': 'linear'}",0.8367346938775511,0.7916666666666666,0.8333333333333334,0.7916666666666666,0.8541666666666666,0.821513605442177,0.025374354834938582,10
0.01266775131225586,0.0015358065365271866,0.0018889427185058594,0.00031788968483123097,1.0,1,linear,"{'C': 1, 'gamma': 1, 'kernel': 'linear'}",0.8367346938775511,0.7916666666666666,0.8333333333333334,0.7916666666666666,0.8541666666666666,0.821513605442177,0.025374354834938582,10
0.014402294158935547,0.0012781399892367587,0.002021455764770508,9.66672061439858e-05,1.0,0.001,linear,"{'C': 1, 'gamma': 0.001, 'kernel': 'linear'}",0.8367346938775511,0.7916666666666666,0.8333333333333334,0.7916666666666666,0.8541666666666666,0.821513605442177,0.025374354834938582,10
0.01500110626220703,0.001826189933753465,0.0019098281860351562,2.961600235417998e-05,1.0,auto,linear,"{'C': 1, 'gamma': 'auto', 'kernel': 'linear'}",0.8367346938775511,0.7916666666666666,0.8333333333333334,0.7916666666666666,0.8541666666666666,0.821513605442177,0.025374354834938582,10
0.014943313598632813,0.0018300196546069758,0.0020599365234375,0.0001197319968726947,1.0,scale,linear,"{'C': 1, 'gamma': 'scale', 'kernel': 'linear'}",0.8367346938775511,0.7916666666666666,0.8333333333333334,0.7916666666666666,0.8541666666666666,0.821513605442177,0.025374354834938582,10
0.014823102951049804,0.0009225510302697136,0.002863311767578125,0.00010308835589723121,1.0,0.01,rbf,"{'C': 1, 'gamma': 0.01, 'kernel': 'rbf'}",0.8163265306122449,0.8125,0.8125,0.8125,0.8333333333333334,0.8174319727891156,0.008087624327839917,16
0.020800352096557617,0.0008786062948372271,0.003942012786865234,0.00013582436726473167,0.1,scale,rbf,"{'C': 0.1, 'gamma': 'scale', 'kernel': 'rbf'}",0.8367346938775511,0.8333333333333334,0.8125,0.8125,0.7916666666666666,0.8173469387755101,0.016357945258659152,17
0.7418666362762452,0.21673983530017413,0.0022678375244140625,0.0005740742140317263,100.0,0.01,linear,"{'C': 100, 'gamma': 0.01, 'kernel': 'linear'}",0.7755102040816326,0.7916666666666666,0.8333333333333334,0.7916666666666666,0.875,0.8134353741496598,0.03625521675956867,18
0.629966402053833,0.08617044265797434,0.0017406940460205078,0.00024284296390719509,100.0,1,linear,"{'C': 100, 'gamma': 1, 'kernel': 'linear'}",0.7755102040816326,0.7916666666666666,0.8333333333333334,0.7916666666666666,0.875,0.8134353741496598,0.03625521675956867,18
0.4627707481384277,0.1920833132830326,0.001397418975830078,0.00041191015360022876,100.0,scale,linear,"{'C': 100, 'gamma': 'scale', 'kernel': 'linear'}",0.7755102040816326,0.7916666666666666,0.8333333333333334,0.7916666666666666,0.875,0.8134353741496598,0.03625521675956867,18
0.8235026359558105,0.19554738076261263,0.0017088890075683595,0.00026529869666409546,100.0,0.1,linear,"{'C': 100, 'gamma': 0.1, 'kernel': 'linear'}",0.7755102040816326,0.7916666666666666,0.8333333333333334,0.7916666666666666,0.875,0.8134353741496598,0.03625521675956867,18
0.5833024501800537,0.13832366616268726,0.0016283512115478516,0.00027127778468702196,100.0,auto,linear,"{'C': 100, 'gamma': 'auto', 'kernel': 'linear'}",0.7755102040816326,0.7916666666666666,0.8333333333333334,0.7916666666666666,0.875,0.8134353741496598,0.03625521675956867,18
0.5887539386749268,0.09895286708411312,0.0015816211700439454,0.0003263876122075823,100.0,0.001,linear,"{'C': 100, 'gamma': 0.001, 'kernel': 'linear'}",0.7755102040816326,0.7916666666666666,0.8333333333333334,0.7916666666666666,0.875,0.8134353741496598,0.03625521675956867,18
0.015898895263671876,0.0005123766789918317,0.002982473373413086,0.00012951696017298367,1.0,scale,rbf,"{'C': 1, 'gamma': 'scale', 'kernel': 'rbf'}",0.8367346938775511,0.8333333333333334,0.8125,0.8333333333333334,0.75,0.8131802721088436,0.03273930998718152,24
0.016251611709594726,0.0008475548691403465,0.0029172420501708983,7.486850575559932e-05,1.0,auto,rbf,"{'C': 1, 'gamma': 'auto', 'kernel': 'rbf'}",0.8367346938775511,0.8333333333333334,0.8125,0.8333333333333334,0.75,0.8131802721088436,0.03273930998718152,24
0.023026227951049805,0.002013619459387563,0.004259777069091797,0.0005332095659129724,0.1,auto,rbf,"{'C': 0.1, 'gamma': 'auto', 'kernel': 'rbf'}",0.8367346938775511,0.8333333333333334,0.8125,0.8125,0.7708333333333334,0.8131802721088436,0.02347400871396765,24
0.0779496669769287,0.023633485339232475,0.0018879890441894532,5.8752723755485965e-05,10.0,0.001,linear,"{'C': 10, 'gamma': 0.001, 'kernel': 'linear'}",0.7755102040816326,0.7708333333333334,0.8333333333333334,0.7916666666666666,0.875,0.8092687074829932,0.03956375971036326,27
0.08614444732666016,0.016878319289371724,0.001939105987548828,4.062848466977632e-05,10.0,auto,linear,"{'C': 10, 'gamma': 'auto', 'kernel': 'linear'}",0.7755102040816326,0.7708333333333334,0.8333333333333334,0.7916666666666666,0.875,0.8092687074829932,0.03956375971036326,27
0.07696523666381835,0.015001622705143042,0.0018986701965332032,4.7213765807557495e-05,10.0,0.01,linear,"{'C': 10, 'gamma': 0.01, 'kernel': 'linear'}",0.7755102040816326,0.7708333333333334,0.8333333333333334,0.7916666666666666,0.875,0.8092687074829932,0.03956375971036326,27
0.0817842960357666,0.021897049422481888,0.0018807411193847655,5.148286938093815e-05,10.0,scale,linear,"{'C': 10, 'gamma': 'scale', 'kernel': 'linear'}",0.7755102040816326,0.7708333333333334,0.8333333333333334,0.7916666666666666,0.875,0.8092687074829932,0.03956375971036326,27
0.0877488136291504,0.013443331992408708,0.001980018615722656,0.00015039374424514158,10.0,0.1,linear,"{'C': 10, 'gamma': 0.1, 'kernel': 'linear'}",0.7755102040816326,0.7708333333333334,0.8333333333333334,0.7916666666666666,0.875,0.8092687074829932,0.03956375971036326,27
0.08528156280517578,0.027084408238846575,0.0018982410430908204,7.658165090362363e-05,10.0,1,linear,"{'C': 10, 'gamma': 1, 'kernel': 'linear'}",0.7755102040816326,0.7708333333333334,0.8333333333333334,0.7916666666666666,0.875,0.8092687074829932,0.03956375971036326,27
0.017250967025756837,0.0005990569837695811,0.002788686752319336,0.0005913823097399785,1.0,0.1,rbf,"{'C': 1, 'gamma': 0.1, 'kernel': 'rbf'}",0.8367346938775511,0.8333333333333334,0.8125,0.8333333333333334,0.7291666666666666,0.8090136054421769,0.04083881891601305,33
0.018714761734008788,0.0007821658264134283,0.003300189971923828,0.0004457879160252544,1.0,0.001,rbf,"{'C': 1, 'gamma': 0.001, 'kernel': 'rbf'}",0.7959183673469388,0.8541666666666666,0.8125,0.75,0.7916666666666666,0.8008503401360544,0.03368313095780091,34
0.012076473236083985,0.0013410441075604996,0.0021842479705810546,0.00019425239728132688,1.0,auto,poly,"{'C': 1, 'gamma': 'auto', 'kernel': 'poly'}",0.7755102040816326,0.7708333333333334,0.8333333333333334,0.8333333333333334,0.7708333333333334,0.7967687074829933,0.02990369528530571,35
0.013858842849731445,0.0009805252746344125,0.0028037071228027345,0.0004728956783266188,1.0,scale,poly,"{'C': 1, 'gamma': 'scale', 'kernel': 'poly'}",0.7755102040816326,0.7708333333333334,0.8333333333333334,0.8333333333333334,0.7708333333333334,0.7967687074829933,0.02990369528530571,35
0.011917686462402344,0.0006419782570767487,0.0021197319030761717,2.7478979852360732e-05,1.0,0.1,poly,"{'C': 1, 'gamma': 0.1, 'kernel': 'poly'}",0.7959183673469388,0.75,0.7916666666666666,0.8541666666666666,0.7916666666666666,0.7966836734693877,0.03327036604395264,37
0.018581676483154296,0.0006281028464438135,0.003187274932861328,0.0006270133327924086,0.1,0.1,rbf,"{'C': 0.1, 'gamma': 0.1, 'kernel': 'rbf'}",0.8367346938775511,0.8125,0.8125,0.8125,0.6875,0.7923469387755102,0.053257095308979145,38
0.020372915267944335,0.000297699233374686,0.0026988983154296875,6.455307961062476e-05,100.0,auto,rbf,"{'C': 100, 'gamma': 'auto', 'kernel': 'rbf'}",0.7346938775510204,0.8125,0.8333333333333334,0.7916666666666666,0.75,0.784438775510204,0.037123945498202505,39
0.021488189697265625,0.0008752908522327564,0.0029146671295166016,0.0002776182627197921,100.0,scale,rbf,"{'C': 100, 'gamma': 'scale', 'kernel': 'rbf'}",0.7346938775510204,0.8125,0.8333333333333334,0.7916666666666666,0.75,0.784438775510204,0.037123945498202505,39
0.020763444900512695,0.0018534303805997617,0.002714681625366211,0.00035998932975137395,100.0,0.01,rbf,"{'C': 100, 'gamma': 0.01, 'kernel': 'rbf'}",0.7755102040816326,0.8333333333333334,0.8333333333333334,0.7916666666666666,0.6875,0.7842687074829933,0.0534982223060015,41
0.02063126564025879,0.0006143177590488448,0.002956199645996094,6.0175526902165954e-05,10.0,0.1,rbf,"{'C': 10, 'gamma': 0.1, 'kernel': 'rbf'}",0.7142857142857143,0.8125,0.8333333333333334,0.75,0.7708333333333334,0.7761904761904763,0.04273295498999421,42
0.014222955703735352,0.0008191808495678622,0.002011728286743164,8.420104441778065e-05,10.0,scale,poly,"{'C': 10, 'gamma': 'scale', 'kernel': 'poly'}",0.7551020408163265,0.7291666666666666,0.7708333333333334,0.8333333333333334,0.7916666666666666,0.7760204081632653,0.035183330503771135,43
0.014286422729492187,0.0003570986837978246,0.0019969940185546875,4.068066566989803e-05,10.0,auto,poly,"{'C': 10, 'gamma': 'auto', 'kernel': 'poly'}",0.7551020408163265,0.7291666666666666,0.7708333333333334,0.8333333333333334,0.7916666666666666,0.7760204081632653,0.035183330503771135,43
0.0207611083984375,0.0005418840196146366,0.002840089797973633,4.147918706602638e-05,100.0,0.1,rbf,"{'C': 100, 'gamma': 0.1, 'kernel': 'rbf'}",0.7142857142857143,0.8125,0.8333333333333334,0.75,0.75,0.7720238095238096,0.04404761904761905,45
0.012975549697875977,0.0006938697771325704,0.0020713329315185545,1.3916294561485054e-05,100.0,0.01,poly,"{'C': 100, 'gamma': 0.01, 'kernel': 'poly'}",0.8163265306122449,0.8125,0.75,0.7291666666666666,0.75,0.7715986394557823,0.03579659288013444,46
0.012481307983398438,0.00047967392630715496,0.002307748794555664,8.24071461230666e-05,0.1,0.1,poly,"{'C': 0.1, 'gamma': 0.1, 'kernel': 'poly'}",0.8163265306122449,0.8125,0.75,0.7291666666666666,0.75,0.7715986394557823,0.03579659288013444,46
0.02162203788757324,0.001288002894128498,0.0032395839691162108,0.0005757656825967467,10.0,auto,rbf,"{'C': 10, 'gamma': 'auto', 'kernel': 'rbf'}",0.7142857142857143,0.7708333333333334,0.8333333333333334,0.7708333333333334,0.75,0.7678571428571429,0.038713363194069296,48
0.019996833801269532,0.00112647832428869,0.002789306640625,0.0001043114825118151,10.0,scale,rbf,"{'C': 10, 'gamma': 'scale', 'kernel': 'rbf'}",0.7142857142857143,0.7708333333333334,0.8333333333333334,0.7708333333333334,0.75,0.7678571428571429,0.038713363194069296,48
0.014884233474731445,0.0007018849736902108,0.0023302078247070313,0.00026597464622527987,10.0,0.1,poly,"{'C': 10, 'gamma': 0.1, 'kernel': 'poly'}",0.6938775510204082,0.7083333333333334,0.7916666666666666,0.7916666666666666,0.8333333333333334,0.7637755102040816,0.053579256527747525,50
0.015148019790649414,0.00030786272421056326,0.0019145011901855469,0.00011468483838308407,100.0,0.1,poly,"{'C': 100, 'gamma': 0.1, 'kernel': 'poly'}",0.6530612244897959,0.6666666666666666,0.7708333333333334,0.75,0.8333333333333334,0.7347789115646258,0.06717385681691507,51
0.01533041000366211,0.00039626644235550915,0.00203399658203125,0.00015844843160787306,100.0,scale,poly,"{'C': 100, 'gamma': 'scale', 'kernel': 'poly'}",0.6530612244897959,0.6666666666666666,0.7708333333333334,0.75,0.8333333333333334,0.7347789115646258,0.06717385681691507,51
0.01330876350402832,0.003373230318203941,0.0017833232879638672,0.0003624377540602234,100.0,auto,poly,"{'C': 100, 'gamma': 'auto', 'kernel': 'poly'}",0.6530612244897959,0.6666666666666666,0.7708333333333334,0.75,0.8333333333333334,0.7347789115646258,0.06717385681691507,51
0.01613001823425293,0.0012036287371761894,0.002307701110839844,0.0003677273871273433,1.0,1,poly,"{'C': 1, 'gamma': 1, 'kernel': 'poly'}",0.6530612244897959,0.6666666666666666,0.7708333333333334,0.75,0.8333333333333334,0.7347789115646258,0.06717385681691507,51
0.015195131301879883,0.0004183353290790694,0.0018155097961425782,2.9203852728142514e-05,100.0,1,poly,"{'C': 100, 'gamma': 1, 'kernel': 'poly'}",0.6530612244897959,0.6666666666666666,0.7708333333333334,0.75,0.8333333333333334,0.7347789115646258,0.06717385681691507,51
0.0151611328125,0.0003126480780932975,0.0021688461303710936,0.0005265560418250465,10.0,1,poly,"{'C': 10, 'gamma': 1, 'kernel': 'poly'}",0.6530612244897959,0.6666666666666666,0.7708333333333334,0.75,0.8333333333333334,0.7347789115646258,0.06717385681691507,51
0.015443181991577149,0.0004798597287518895,0.002400493621826172,0.0004040924305140249,0.1,1,poly,"{'C': 0.1, 'gamma': 1, 'kernel': 'poly'}",0.6530612244897959,0.6666666666666666,0.7708333333333334,0.75,0.8333333333333334,0.7347789115646258,0.06717385681691507,51
0.019976043701171876,0.001085993153328891,0.0034281253814697266,0.0001297963182276233,0.1,0.01,rbf,"{'C': 0.1, 'gamma': 0.01, 'kernel': 'rbf'}",0.7755102040816326,0.8125,0.75,0.6875,0.625,0.7301020408163266,0.06649605494149388,58
0.01744537353515625,0.0031687230918022442,0.0032293319702148436,0.0008168527326817828,0.1,scale,poly,"{'C': 0.1, 'gamma': 'scale', 'kernel': 'poly'}",0.7551020408163265,0.7708333333333334,0.6458333333333334,0.6458333333333334,0.6666666666666666,0.6968537414965986,0.05474169885389155,59
0.013188791275024415,0.0013926003726634848,0.0024181365966796874,0.00017137879053329326,0.1,auto,poly,"{'C': 0.1, 'gamma': 'auto', 'kernel': 'poly'}",0.7551020408163265,0.7708333333333334,0.6458333333333334,0.6458333333333334,0.6666666666666666,0.6968537414965986,0.05474169885389155,59
0.02493758201599121,0.0024994032386598366,0.003824472427368164,0.0005578433929686346,100.0,1,rbf,"{'C': 100, 'gamma': 1, 'kernel': 'rbf'}",0.5918367346938775,0.6458333333333334,0.5625,0.5833333333333334,0.5625,0.5892006802721089,0.030576084084638022,61
0.02466616630554199,0.0005800853399330668,0.003759479522705078,0.0002809694564061458,10.0,1,rbf,"{'C': 10, 'gamma': 1, 'kernel': 'rbf'}",0.5918367346938775,0.6458333333333334,0.5625,0.5833333333333334,0.5625,0.5892006802721089,0.030576084084638022,61
0.021930456161499023,0.0018753660016015373,0.003160905838012695,0.0007321491081232763,1.0,1,rbf,"{'C': 1, 'gamma': 1, 'kernel': 'rbf'}",0.5714285714285714,0.5833333333333334,0.5625,0.5833333333333334,0.5625,0.5726190476190476,0.009335944726998899,63
0.014713573455810546,0.0009300884285751973,0.00225977897644043,0.00013373470863716966,10.0,0.01,poly,"{'C': 10, 'gamma': 0.01, 'kernel': 'poly'}",0.5714285714285714,0.5416666666666666,0.5416666666666666,0.5416666666666666,0.5416666666666666,0.5476190476190476,0.011904761904761906,64
0.01422896385192871,0.0008941123138431265,0.0022689342498779298,3.68399833574017e-05,1.0,0.001,poly,"{'C': 1, 'gamma': 0.001, 'kernel': 'poly'}",0.5510204081632653,0.5416666666666666,0.5416666666666666,0.5416666666666666,0.5416666666666666,0.5435374149659863,0.0037414965986394483,65
0.011779689788818359,0.00028461820810732216,0.0022768497467041014,0.00011629709306574286,0.1,0.01,poly,"{'C': 0.1, 'gamma': 0.01, 'kernel': 'poly'}",0.5510204081632653,0.5416666666666666,0.5416666666666666,0.5416666666666666,0.5416666666666666,0.5435374149659863,0.0037414965986394483,65
0.014370393753051759,0.0009102563994273126,0.002386331558227539,0.0001458651803590331,1.0,0.01,poly,"{'C': 1, 'gamma': 0.01, 'kernel': 'poly'}",0.5510204081632653,0.5416666666666666,0.5416666666666666,0.5416666666666666,0.5416666666666666,0.5435374149659863,0.0037414965986394483,65
0.013625717163085938,0.0008004943413682542,0.0021719932556152344,4.034419977717214e-05,0.1,0.001,poly,"{'C': 0.1, 'gamma': 0.001, 'kernel': 'poly'}",0.5510204081632653,0.5416666666666666,0.5416666666666666,0.5416666666666666,0.5416666666666666,0.5435374149659863,0.0037414965986394483,65
0.02519197463989258,0.0016984730766893446,0.004335546493530273,0.0003043614863455555,0.1,0.001,rbf,"{'C': 0.1, 'gamma': 0.001, 'kernel': 'rbf'}",0.5510204081632653,0.5416666666666666,0.5416666666666666,0.5416666666666666,0.5416666666666666,0.5435374149659863,0.0037414965986394483,65
0.012774133682250976,0.00020124079432053582,0.002305889129638672,9.359666031435098e-05,10.0,0.001,poly,"{'C': 10, 'gamma': 0.001, 'kernel': 'poly'}",0.5510204081632653,0.5416666666666666,0.5416666666666666,0.5416666666666666,0.5416666666666666,0.5435374149659863,0.0037414965986394483,65
0.023372745513916014,0.0018146429062689058,0.0040320873260498045,0.00046668463150032423,0.1,1,rbf,"{'C': 0.1, 'gamma': 1, 'kernel': 'rbf'}",0.5510204081632653,0.5416666666666666,0.5416666666666666,0.5416666666666666,0.5416666666666666,0.5435374149659863,0.0037414965986394483,65
0.010087966918945312,0.004053407995129152,0.0017971992492675781,0.0005456302398033737,100.0,0.001,poly,"{'C': 100, 'gamma': 0.001, 'kernel': 'poly'}",0.5510204081632653,0.5416666666666666,0.5416666666666666,0.5416666666666666,0.5416666666666666,0.5435374149659863,0.0037414965986394483,65
